Fuel (BTU),2024.0,2025.0,2026.0,2027.0,2028.0,2029.0,2030.0,2031.0,2032.0,2033.0,2034.0,2035.0,2036.0,2037.0,2038.0,2039.0,2040.0,2041.0,2042.0,2043.0,2044.0,2045.0,2046.0,2047.0,2048.0,2049.0,2050.0
electricity (not used in this variable),0.0,0.0,0.0,0.0,0.0,0.0,0.0,0.0,0.0,0.0,0.0,0.0,0.0,0.0,0.0,0.0,0.0,0.0,0.0,0.0,0.0,0.0,0.0,0.0,0.0,0.0,0.0
hard coal,1014220000000.0,0.0,0.0,0.0,0.0,0.0,0.0,0.0,0.0,0.0,0.0,0.0,0.0,0.0,0.0,0.0,0.0,0.0,0.0,0.0,0.0,0.0,0.0,0.0,0.0,0.0,0.0
natural gas,279218000000000.0,284617000000000.0,269659000000000.0,261529000000000.0,254860000000000.0,250093000000000.0,245484000000000.0,244621000000000.0,240311000000000.0,238088000000000.0,237361000000000.0,238266000000000.0,240706000000000.0,242359000000000.0,243847000000000.0,243104000000000.0,243509000000000.0,243070000000000.0,239595000000000.0,237304000000000.0,235302000000000.0,231710000000000.0,227676000000000.0,224631000000000.0,221622000000000.0,218579000000000.0,214262000000000.0
nuclear,0.0,0.0,0.0,0.0,0.0,0.0,0.0,0.0,0.0,0.0,0.0,0.0,0.0,0.0,0.0,0.0,0.0,0.0,0.0,0.0,0.0,0.0,0.0,0.0,0.0,0.0,0.0
hydro (is not a fuel),0.0,0.0,0.0,0.0,0.0,0.0,0.0,0.0,0.0,0.0,0.0,0.0,0.0,0.0,0.0,0.0,0.0,0.0,0.0,0.0,0.0,0.0,0.0,0.0,0.0,0.0,0.0
wind (is not a fuel),0.0,0.0,0.0,0.0,0.0,0.0,0.0,0.0,0.0,0.0,0.0,0.0,0.0,0.0,0.0,0.0,0.0,0.0,0.0,0.0,0.0,0.0,0.0,0.0,0.0,0.0,0.0
solar (is not a fuel),0.0,0.0,0.0,0.0,0.0,0.0,0.0,0.0,0.0,0.0,0.0,0.0,0.0,0.0,0.0,0.0,0.0,0.0,0.0,0.0,0.0,0.0,0.0,0.0,0.0,0.0,0.0
biomass,0.0,7438640000000.0,7032080000000.0,6933290000000.0,6900150000000.0,6875730000000.0,6747940000000.0,6709960000000.0,6680510000000.0,6653750000000.0,6636030000000.0,6624200000000.0,6608240000000.0,6592590000000.0,6578530000000.0,6559780000000.0,6536910000000.0,6514490000000.0,6497280000000.0,6482020000000.0,6401620000000.0,6394360000000.0,6389340000000.0,6388680000000.0,6391020000000.0,6396610000000.0,6400270000000.0
petroleum gasoline,0.0,0.0,0.0,0.0,0.0,0.0,0.0,0.0,0.0,0.0,0.0,0.0,0.0,0.0,0.0,0.0,0.0,0.0,0.0,0.0,0.0,0.0,0.0,0.0,0.0,0.0,0.0
petroleum diesel,0.0,0.0,0.0,0.0,0.0,0.0,0.0,0.0,0.0,0.0,0.0,0.0,0.0,0.0,0.0,0.0,0.0,0.0,0.0,0.0,0.0,0.0,0.0,0.0,0.0,0.0,0.0
biofuel gasoline,0.0,3907070000000.0,3862160000000.0,3821870000000.0,3769310000000.0,3716580000000.0,3661440000000.0,3616370000000.0,3570100000000.0,3515210000000.0,3458360000000.0,3393630000000.0,3326850000000.0,3258550000000.0,3186480000000.0,3108700000000.0,3026040000000.0,2937900000000.0,2855630000000.0,2770780000000.0,2686270000000.0,2602500000000.0,2519820000000.0,2437300000000.0,2358100000000.0,2282250000000.0,2211990000000.0
biofuel diesel,0.0,6573920000.0,6615750000.0,6668700000.0,6705490000.0,6721700000.0,6743900000.0,6758600000.0,6761960000.0,6744720000.0,6727490000.0,6703520000.0,6669100000.0,6617650000.0,6556220000.0,6487560000.0,6423170000.0,6353230000.0,6269470000.0,6179820000.0,6092630000.0,6028260000.0,5969270000.0,5916050000.0,5857350000.0,5801940000.0,5749400000.0
jet fuel or kerosene,0.0,0.0,0.0,0.0,0.0,0.0,0.0,0.0,0.0,0.0,0.0,0.0,0.0,0.0,0.0,0.0,0.0,0.0,0.0,0.0,0.0,0.0,0.0,0.0,0.0,0.0,0.0
heat (not used in this variable),0.0,0.0,0.0,0.0,0.0,0.0,0.0,0.0,0.0,0.0,0.0,0.0,0.0,0.0,0.0,0.0,0.0,0.0,0.0,0.0,0.0,0.0,0.0,0.0,0.0,0.0,0.0
geothermal (is not a fuel),0.0,0.0,0.0,0.0,0.0,0.0,0.0,0.0,0.0,0.0,0.0,0.0,0.0,0.0,0.0,0.0,0.0,0.0,0.0,0.0,0.0,0.0,0.0,0.0,0.0,0.0,0.0
lignite,0.0,0.0,0.0,0.0,0.0,0.0,0.0,0.0,0.0,0.0,0.0,0.0,0.0,0.0,0.0,0.0,0.0,0.0,0.0,0.0,0.0,0.0,0.0,0.0,0.0,0.0,0.0
crude oil,0.0,269029000000000.0,274250000000000.0,285707000000000.0,285793000000000.0,285789000000000.0,283163000000000.0,283242000000000.0,285981000000000.0,287261000000000.0,285339000000000.0,282173000000000.0,276396000000000.0,274169000000000.0,271650000000000.0,271618000000000.0,271685000000000.0,272651000000000.0,276421000000000.0,280138000000000.0,282309000000000.0,284338000000000.0,284654000000000.0,285986000000000.0,287676000000000.0,288883000000000.0,291649000000000.0
heavy fuel oil,0.0,1758140000000.0,2161400000000.0,2208750000000.0,2238460000000.0,2357810000000.0,2500380000000.0,2680880000000.0,2774190000000.0,2934820000000.0,3059650000000.0,3152610000000.0,3266400000000.0,3326510000000.0,3323510000000.0,3402310000000.0,3335720000000.0,3299680000000.0,3302430000000.0,3313420000000.0,3345200000000.0,3429730000000.0,3566650000000.0,3598510000000.0,3682630000000.0,3736940000000.0,3873370000000.0
LPG propane or butane,0.0,5101090000000.0,4815600000000.0,4154920000000.0,4198240000000.0,4120850000000.0,4005700000000.0,3660710000000.0,3364070000000.0,3044510000000.0,2819950000000.0,2649650000000.0,2545690000000.0,2419270000000.0,2284780000000.0,2163040000000.0,1967650000000.0,1787170000000.0,1684290000000.0,1634010000000.0,1659800000000.0,1736870000000.0,1800130000000.0,1778540000000.0,1723020000000.0,1688100000000.0,1699240000000.0
municipal solid waste,0.0,0.0,0.0,0.0,0.0,0.0,0.0,0.0,0.0,0.0,0.0,0.0,0.0,0.0,0.0,0.0,0.0,0.0,0.0,0.0,0.0,0.0,0.0,0.0,0.0,0.0,0.0
hydrogen,0.0,0.0,0.0,0.0,0.0,0.0,0.0,0.0,0.0,0.0,0.0,0.0,0.0,0.0,0.0,0.0,0.0,0.0,0.0,0.0,0.0,0.0,0.0,0.0,0.0,0.0,0.0
