Imported Electricity (MW*hour),2020.0,2021.0,2022.0,2023.0,2024.0,2025.0,2026.0,2027.0,2028.0,2029.0,2030.0,2031.0,2032.0,2033.0,2034.0,2035.0,2036.0,2037.0,2038.0,2039.0,2040.0,2041.0,2042.0,2043.0,2044.0,2045.0,2046.0,2047.0,2048.0,2049.0,2050.0
hard coal,60810.9,60810.9,60810.9,55981.3,51480.3,40815.8,32933.2,29019.5,12866.0,11002.6,8605.27,8605.27,8605.27,8605.27,8605.27,8605.27,8605.27,8605.27,8605.27,8605.27,8605.27,8605.27,8605.27,8605.27,8605.27,8605.27,8605.27,8605.27,8605.27,8605.27,8605.27
natural gas steam turbine,34394.8,34394.8,34394.8,27697.8,27330.0,25816.0,25185.0,22012.2,19036.0,18648.0,10498.3,10498.3,10498.3,10498.3,10498.3,10498.3,10498.3,10498.3,10498.3,10498.3,10498.3,10498.3,10498.3,10498.3,10498.3,10498.3,10498.3,10498.3,10498.3,10498.3,10498.3
natural gas combined cycle,0.0,0.0,0.0,0.0,0.0,0.0,0.0,0.0,0.0,0.0,0.0,0.0,0.0,0.0,0.0,0.0,0.0,0.0,0.0,0.0,0.0,0.0,0.0,0.0,0.0,0.0,0.0,0.0,0.0,0.0,0.0
nuclear,8560.28,8560.28,8560.28,8888.42,8948.95,9009.52,8838.21,10952.9,11964.3,10190.2,47901.0,47901.0,47901.0,47901.0,47901.0,47901.0,47901.0,47901.0,47901.0,47901.0,47901.0,47901.0,47901.0,47901.0,47901.0,47901.0,47901.0,47901.0,47901.0,47901.0,47901.0
hydro,200364.0,200364.0,200364.0,206287.0,207018.0,211602.0,209635.0,208350.0,208207.0,208401.0,183774.0,183774.0,183774.0,183774.0,183774.0,183774.0,183774.0,183774.0,183774.0,183774.0,183774.0,183774.0,183774.0,183774.0,183774.0,183774.0,183774.0,183774.0,183774.0,183774.0,183774.0
onshore wind,51539.5,51539.5,51539.5,57586.5,61723.7,69346.2,80083.5,86370.7,104902.0,108849.0,107555.0,107555.0,107555.0,107555.0,107555.0,107555.0,107555.0,107555.0,107555.0,107555.0,107555.0,107555.0,107555.0,107555.0,107555.0,107555.0,107555.0,107555.0,107555.0,107555.0,107555.0
solar PV,5581.3,5581.3,5581.3,5712.15,5668.13,5588.04,5524.99,5501.44,5490.27,5455.82,4425.35,4425.35,4425.35,4425.35,4425.35,4425.35,4425.35,4425.35,4425.35,4425.35,4425.35,4425.35,4425.35,4425.35,4425.35,4425.35,4425.35,4425.35,4425.35,4425.35,4425.35
solar thermal,0.0,0.0,0.0,0.0,0.0,0.0,0.0,0.0,0.0,0.0,0.0,0.0,0.0,0.0,0.0,0.0,0.0,0.0,0.0,0.0,0.0,0.0,0.0,0.0,0.0,0.0,0.0,0.0,0.0,0.0,0.0
biomass,2055.44,2055.44,2055.44,1223.26,1209.33,1200.35,1177.92,1171.63,913.135,831.528,618.584,618.584,618.584,618.584,618.584,618.584,618.584,618.584,618.584,618.584,618.584,618.584,618.584,618.584,618.584,618.584,618.584,618.584,618.584,618.584,618.584
geothermal,0.0,0.0,0.0,0.0,0.0,0.0,0.0,0.0,0.0,0.0,0.0,0.0,0.0,0.0,0.0,0.0,0.0,0.0,0.0,0.0,0.0,0.0,0.0,0.0,0.0,0.0,0.0,0.0,0.0,0.0,0.0
petroleum,71.385,71.385,71.385,1.11468,0.0,0.0,0.0,0.0,0.0,0.0,0.0,0.0,0.0,0.0,0.0,0.0,0.0,0.0,0.0,0.0,0.0,0.0,0.0,0.0,0.0,0.0,0.0,0.0,0.0,0.0,0.0
natural gas peaker,0.0,0.0,0.0,0.0,0.0,0.0,0.0,0.0,0.0,0.0,0.0,0.0,0.0,0.0,0.0,0.0,0.0,0.0,0.0,0.0,0.0,0.0,0.0,0.0,0.0,0.0,0.0,0.0,0.0,0.0,0.0
lignite,0.0,0.0,0.0,0.0,0.0,0.0,0.0,0.0,0.0,0.0,0.0,0.0,0.0,0.0,0.0,0.0,0.0,0.0,0.0,0.0,0.0,0.0,0.0,0.0,0.0,0.0,0.0,0.0,0.0,0.0,0.0
offshore wind,0.0,0.0,0.0,0.0,0.0,0.0,0.0,0.0,0.0,0.0,0.0,0.0,0.0,0.0,0.0,0.0,0.0,0.0,0.0,0.0,0.0,0.0,0.0,0.0,0.0,0.0,0.0,0.0,0.0,0.0,0.0
crude oil,0.0,0.0,0.0,0.0,0.0,0.0,0.0,0.0,0.0,0.0,0.0,0.0,0.0,0.0,0.0,0.0,0.0,0.0,0.0,0.0,0.0,0.0,0.0,0.0,0.0,0.0,0.0,0.0,0.0,0.0,0.0
heavy or residual fuel oil,0.0,0.0,0.0,0.0,0.0,0.0,0.0,0.0,0.0,0.0,0.0,0.0,0.0,0.0,0.0,0.0,0.0,0.0,0.0,0.0,0.0,0.0,0.0,0.0,0.0,0.0,0.0,0.0,0.0,0.0,0.0
municipal solid waste,0.0,0.0,0.0,0.0,0.0,0.0,0.0,0.0,0.0,0.0,0.0,0.0,0.0,0.0,0.0,0.0,0.0,0.0,0.0,0.0,0.0,0.0,0.0,0.0,0.0,0.0,0.0,0.0,0.0,0.0,0.0
hard coal w CCS,0.0,0.0,0.0,0.0,0.0,0.0,0.0,0.0,0.0,0.0,0.0,0.0,0.0,0.0,0.0,0.0,0.0,0.0,0.0,0.0,0.0,0.0,0.0,0.0,0.0,0.0,0.0,0.0,0.0,0.0,0.0
natural gas combined cycle w CCS,0.0,0.0,0.0,0.0,0.0,0.0,0.0,0.0,0.0,0.0,0.0,0.0,0.0,0.0,0.0,0.0,0.0,0.0,0.0,0.0,0.0,0.0,0.0,0.0,0.0,0.0,0.0,0.0,0.0,0.0,0.0
biomass w CCS,0.0,0.0,0.0,0.0,0.0,0.0,0.0,0.0,0.0,0.0,0.0,0.0,0.0,0.0,0.0,0.0,0.0,0.0,0.0,0.0,0.0,0.0,0.0,0.0,0.0,0.0,0.0,0.0,0.0,0.0,0.0
lignite w CCS,0.0,0.0,0.0,0.0,0.0,0.0,0.0,0.0,0.0,0.0,0.0,0.0,0.0,0.0,0.0,0.0,0.0,0.0,0.0,0.0,0.0,0.0,0.0,0.0,0.0,0.0,0.0,0.0,0.0,0.0,0.0
small modular reactor,0.0,0.0,0.0,0.0,0.0,0.0,0.0,0.0,0.0,0.0,0.0,0.0,0.0,0.0,0.0,0.0,0.0,0.0,0.0,0.0,0.0,0.0,0.0,0.0,0.0,0.0,0.0,0.0,0.0,0.0,0.0
hydrogen combustion turbine,0.0,0.0,0.0,0.0,0.0,0.0,0.0,0.0,0.0,0.0,0.0,0.0,0.0,0.0,0.0,0.0,0.0,0.0,0.0,0.0,0.0,0.0,0.0,0.0,0.0,0.0,0.0,0.0,0.0,0.0,0.0
hydrogen combined cycle,0.0,0.0,0.0,0.0,0.0,0.0,0.0,0.0,0.0,0.0,0.0,0.0,0.0,0.0,0.0,0.0,0.0,0.0,0.0,0.0,0.0,0.0,0.0,0.0,0.0,0.0,0.0,0.0,0.0,0.0,0.0
,,,,,,,,,,,,,,,,,,,,,,,,,,,,,,,
,,,,,,,,,,,,,,,,,,,,,,,,,,,,,,,
,,,,,,,,,,,,,,,,,,,,,,,,,,,,,,,
